<?xml version="1.0" encoding="UTF-8"?>
<project-private xmlns="http://www.netbeans.org/ns/project-private/1">
    <editor-bookmarks xmlns="http://www.netbeans.org/ns/editor-bookmarks/2" lastBookmarkId="0"/>
    <open-files xmlns="http://www.netbeans.org/ns/projectui-open-files/2">
        <group>
            <file>file:/C:/Users/Taha/Documents/NetBeansProjects/School_Management_System/src/school_management_system/StudentReportcard.java</file>
            <file>file:/C:/Users/Taha/Documents/NetBeansProjects/School_Management_System/src/school_management_system/Studentfeesubmission.java</file>
            <file>file:/C:/Users/Taha/Documents/NetBeansProjects/School_Management_System/src/school_management_system/School_Management_System.java</file>
            <file>file:/C:/Users/Taha/Documents/NetBeansProjects/School_Management_System/src/school_management_system/LoginPage.java</file>
            <file>file:/C:/Users/Taha/Documents/NetBeansProjects/School_Management_System/src/school_management_system/Main_menu.java</file>
            <file>file:/C:/Users/Taha/Documents/NetBeansProjects/School_Management_System/src/school_management_system/StudentsRegistration.java</file>
        </group>
    </open-files>
</project-private>
